{"OP_M_mean": {"gmbs": 0.00024112733558971942, "gm": 0.0009798891360479308, "gds": 0.0007339899872084916, "vdsat": 0.34773973822431653, "vth": 0.8022268692594748, "id": 0.00012835551425940814, "ibd": -3.298690093074398e-11, "ibs": -7.551281210907129e-13, "gbd": 7.19937671763552e-11, "gbs": 8.337032199223555e-11, "isub": 9.497282158231371e-10, "igidl": 1.1071952040690732e-13, "igisl": 0.0, "igs": 0.0, "igd": 0.0, "igb": 0.0, "igcs": 0.0, "vbs": -0.006261517452934496, "vgs": 1.1127583277656206, "vds": 0.8321903490325263, "cgs": -3.43500315622434e-12, "cgd": -8.691089069517938e-13, "cbd": -4.373386845484115e-13, "cdg": -1.82162350885322e-12, "csg": -2.2909730510947453e-12, "cdb": -4.90019980554733e-13}, "OP_M_std": {"gmbs": 0.00042119409367911395, "gm": 0.0017208086819491721, "gds": 0.0020774882073813557, "vdsat": 0.5441296272062609, "vth": 0.22666465788823803, "id": 0.00037752665875442556, "ibd": 5.446770283933092e-11, "ibs": 1.987696808182661e-12, "gbd": 7.343485457091358e-11, "gbs": 8.219818938518112e-11, "isub": 6.75937813114134e-09, "igidl": 7.906955067973944e-13, "igisl": 0.0, "igs": 0.0, "igd": 0.0, "igb": 0.0, "igcs": 0.0, "vbs": 0.01661917091195361, "vgs": 0.8044984096436842, "vds": 0.6942458135358192, "cgs": 4.867220778665439e-12, "cgd": 1.989281525173686e-12, "cbd": 9.608694261021953e-13, "cdg": 2.493433028545326e-12, "csg": 3.0579818737539155e-12, "cdb": 6.762265476871852e-13}}